{"cameraMode":{"drawMode":0,"name":"Shaded","section":"Shading Mode"},"sceneLighting":true,"audioPlay":false,"sceneViewState":{"showFog":true,"showMaterialUpdate":true,"showSkybox":true,"showFlares":true,"showImageEffects":true,"showParticleSystems":true},"in2DMode":false,"pivot":{"x":-6.300000190734863,"y":4.510000228881836,"z":21.270000457763673},"rotation":{"x":0.28095340728759768,"y":0.6952714323997498,"z":-0.3464428186416626,"w":0.5637046098709106},"size":0.6123724579811096,"orthographic":false}