{"cameraMode":{"drawMode":0,"name":"Shaded","section":"Shading Mode"},"sceneLighting":false,"audioPlay":false,"sceneViewState":{"showFog":true,"showMaterialUpdate":true,"showSkybox":false,"showFlares":true,"showImageEffects":true,"showParticleSystems":true},"in2DMode":false,"pivot":{"x":11.371091842651368,"y":-15.849411964416504,"z":-65.21916198730469},"rotation":{"x":0.09329353272914887,"y":0.8969739079475403,"z":-0.3674636781215668,"w":0.22776560485363007},"size":37.798648834228519,"orthographic":false}