{"cameraMode":{"drawMode":0,"name":"Shaded","section":"Shading Mode"},"sceneLighting":true,"audioPlay":false,"sceneViewState":{"showFog":true,"showMaterialUpdate":true,"showSkybox":true,"showFlares":true,"showImageEffects":true,"showParticleSystems":true},"in2DMode":false,"pivot":{"x":-0.0416434220969677,"y":0.4103335738182068,"z":2.067350149154663},"rotation":{"x":0.25849369168281557,"y":0.38980069756507876,"z":-0.11495823413133621,"w":0.8764053583145142},"size":2.70739483833313,"orthographic":false}